symbol,timestamp,title,summary,source,url
AAPL,2025-06-11 20:30:50+00:00,"Snapchat Parent To Launch Light Weight AR Smart Glasses To Compete With Meta, Apple","Snap Inc announced launch of lightweight immersive Specs in 2026. Features include AI assistance, shared experiences, and location-based tools.",benzinga,https://www.benzinga.com/markets/tech/25/06/45893545/snapchat-parent-to-launch-light-weight-ar-smart-glasses-to-compete-with-meta-apple
AAPL,2025-06-11 19:22:42+00:00,Apple's AI Future In Question? Stock Falls After WWDC 2025 Event,"Apple shares are trading lower Wednesday slid following the company&#39;s WWDC 2025 event. While some analysts are bearish, others remain bullish on Apple&#39;s long-term ecosystem value.",benzinga,https://www.benzinga.com/trading-ideas/movers/25/06/45892008/apples-ai-future-in-question-stock-falls-after-wwdc-2025-event
AAPL,2025-06-11 17:35:15+00:00,10 Information Technology Stocks Whale Activity In Today's Session, ,benzinga,https://www.benzinga.com/insights/options/25/06/45890404/10-information-technology-stocks-whale-activity-in-todays-session
AAPL,2025-06-11 16:05:41+00:00,'Apple Expands Tools To Help Parents Protect Kids And Teens Online',,benzinga,https://www.benzinga.com/news/25/06/45888744/apple-expands-tools-to-help-parents-protect-kids-and-teens-online
AAPL,2025-06-11 16:01:29+00:00,"Nvidia, Apple, Amazon, Microsoft And Alphabet's Insitutional Investors Sold 8.4 Billion Shares In Q1, Filings Reveal",Latest 13F filings reveal that the first quarter of 2025 saw institutional investors significantly retreating from the technology sector.,benzinga,https://www.benzinga.com/markets/equities/25/06/45888626/nvidia-apple-amazon-microsoft-and-alphabets-insitutional-investors-sold-8-4-billion-shares-in-q1-filings-reveal
AAPL,2025-06-11 15:53:57+00:00,"Top 10 Trending Stocks On WallStreetBets As Of June 11, 2025 (Via Swaggy Stocks)",,benzinga,https://www.benzinga.com/wiim/25/06/45888424/top-10-trending-stocks-on-wallstreetbets-as-of-june-11-2025-via-swaggy-stocks
AAPL,2025-06-11 15:00:43+00:00,"Comparing Apple With Industry Competitors In Technology Hardware, Storage &amp; Peripherals Industry", ,benzinga,https://www.benzinga.com/insights/news/25/06/45886489/comparing-apple-with-industry-competitors-in-technology-hardware-storage-amp-peripherals-industry
AAPL,2025-06-11 12:04:18+00:00,"Jim Cramer Says 'Apple Buyback Is Not Working Right Now,' Michael Saylor Quips Tim Cook's Company 'Should Buy Bitcoin'",Apple Inc. (NASDAQ:AAPL) is under scrutiny as CNBC&#39;s “Mad Money” host Jim Cramer declared that the tech giant&#39;s stock buyback program &#34;is not working right now.&#34;,benzinga,https://www.benzinga.com/markets/equities/25/06/45880840/jim-cramer-says-apple-buyback-is-not-working-right-now-michael-saylor-quips-tim-cooks-company-should-buy-bitcoin
AAPL,2025-06-11 09:50:28+00:00,"Qualcomm Taps Vietnam For Next-Gen AI Push, Joining Apple And Nvidia In Supply Chain Shakeup","Qualcomm launches AI research center in Vietnam. Major tech companies including Nvidia, Apple, and Alibaba have reached out to Vietnam for supply chain diversification.",benzinga,https://www.benzinga.com/markets/tech/25/06/45878443/qualcomm-taps-vietnam-for-next-gen-ai-push-joining-apple-and-nvidia-in-supply-chain-shakeup
AAPL,2025-06-11 11:51:20+00:00,"Quanta Services, Apple And Alphabet On CNBC's 'Final Trades'",Quanta Services shares fell 1.9% to settle at $348.76 during yesterday&#39;s session. Brenda Vingiello picked the stock as her final trade.,benzinga,https://www.benzinga.com/analyst-stock-ratings/analyst-color/25/06/45880524/quanta-services-apple-and-alphabet-on-cnbcs-final-trades
AAPL,2025-06-11 06:06:24+00:00,Apple Executives Say Reliability Took Priority Over Deadline Amid Siri Delay: 'It Would've Been More Disappointing To Ship Something That Didn't Hit Our Quality Standard',"Apple executives Craig Federighi and Greg Joswiak explained the delay of the Siri upgrade, emphasizing that reliability was prioritized over meeting the initial deadline to ensure a higher-quality product.",benzinga,https://www.benzinga.com/markets/tech/25/06/45876850/apple-executives-say-reliability-took-priority-over-deadline-amid-siri-delay-it-wouldve-been-more-disappointing-to-ship-something-that-didnt-hit-our-quality-standard
AAPL,2025-06-10 18:04:06+00:00,"Benzinga Market Summary: Analysts React To Apple WWDC 2025, CoreWeave Falls On Cautious Commentary From DA Davidson, Investors Await Trade Talk Developments",,benzinga,https://www.benzinga.com/economics/macro-economic-events/25/06/45868813/benzinga-market-summary-analysts-react-to-apple-wwdc-2025-coreweave-falls-on-caut
AAPL,2025-06-10 17:41:37+00:00,"Apple Polishes Its Core: Analyst Sees Strength In AI, UI And App Store","Apple points to AI tools, visual redesign, and strong App Store performance to justify analyst&#39;s $235 price target outlook.",benzinga,https://www.benzinga.com/analyst-stock-ratings/reiteration/25/06/45868224/apple-wwdc-ai-ui-overhaul-resilient-app-store-revenue-amid-legal-pressure
AAPL,2025-06-10 17:35:12+00:00,10 Information Technology Stocks Whale Activity In Today's Session, ,benzinga,https://www.benzinga.com/insights/options/25/06/45868019/10-information-technology-stocks-whale-activity-in-todays-session
AAPL,2025-06-10 17:01:26+00:00,"CNBC Halftime Report Final Trades: Apple, Alphabet Inc. - Class A, Quanta Services",,benzinga,https://www.benzinga.com/news/25/06/45867016/cnbc-halftime-report-final-trades-apple-alphabet-inc-class-a-quanta-services
AAPL,2025-06-10 15:12:49+00:00,Apple Stock Disappoints After WWDC: Analyst Says This Price Is 'Better Entry Level' For Investors, ,benzinga,https://www.benzinga.com/analyst-stock-ratings/analyst-color/25/06/45863934/apple-stock-disappoints-after-wwdc-analyst-says-this-price-is-better-entry-level-for-investors
AAPL,2025-06-10 15:00:44+00:00,"Competitor Analysis: Evaluating Apple And Competitors In Technology Hardware, Storage &amp; Peripherals Industry", ,benzinga,https://www.benzinga.com/insights/news/25/06/45863289/competitor-analysis-evaluating-apple-and-competitors-in-technology-hardware-storage-amp-peripherals
AAPL,2025-06-10 13:53:48+00:00,"Morgan Stanley Reiterates Overweight on Apple, Maintains $235 Price Target",,benzinga,https://www.benzinga.com/news/25/06/45860901/morgan-stanley-reiterates-overweight-on-apple-maintains-235-price-target
AAPL,2025-06-10 13:45:25+00:00,"Wedbush Reiterates Outperform on Apple, Maintains $270 Price Target",,benzinga,https://www.benzinga.com/news/25/06/45860616/wedbush-reiterates-outperform-on-apple-maintains-270-price-target
AAPL,2025-06-10 13:40:40+00:00,"Goldman Sachs Stays Bullish On Apple Despite Post-WWDC25 Stock Dip, Sees 25% Upside","Apple stock fell after WWDC25 due to weak AI updates, but Goldman Sachs&#39; Michael Ng sees 25% upside on services and ecosystem strength.",benzinga,https://www.benzinga.com/news/25/06/45860365/goldman-sachs-stays-bullish-on-apple-despite-post-wwdc25-stock-dip-sees-25-upside
AAPL,2025-06-10 13:17:53+00:00,"Top 10 Trending Stocks On WallStreetBets As Of June 10, 2025 (Via Swaggy Stocks)",,benzinga,https://www.benzinga.com/trading-ideas/25/06/45859789/top-10-trending-stocks-on-wallstreetbets-as-of-june-10-2025-via-swaggy-stocks
AAPL,2025-06-10 13:11:24+00:00,"B of A Securities Reiterates Buy on Apple, Maintains $235 Price Target",,benzinga,https://www.benzinga.com/news/25/06/45859606/b-of-a-securities-reiterates-buy-on-apple-maintains-235-price-target
AAPL,2025-06-10 10:25:36+00:00,Needham Reiterates Hold on Appleto Hold,,benzinga,https://www.benzinga.com/news/25/06/45855543/needham-reiterates-hold-on-appleto-hold
AAPL,2025-06-10 10:25:36+00:00,Needham Reiterates Hold on Appleto Hold,,benzinga,https://www.benzinga.com/news/25/06/45855542/needham-reiterates-hold-on-appleto-hold
AAPL,2025-06-10 03:21:00+00:00,"Tim Cook's Liquid Glass Reveal Is 'Cool,' Says Elon Musk — Apple's New Software Design A Hit Or A Miss With Everyone Else?","Apple&#39;s new Liquid Glass design in iOS 26 earned praise from Elon Musk, but sparked backlash from users and investor Ross Gerber, who say it strays from Steve Jobs&#39; vision of simplicity.",benzinga,https://www.benzinga.com/markets/tech/25/06/45852479/tim-cooks-liquid-glass-reveal-is-cool-says-elon-musk-apples-new-software-design-a-hit-or-a-miss-with-everyone-else
AAPL,2025-06-10 02:19:51+00:00,Steve Jobs Would 'Have Fired Everyone': Apple's Liquid Glass In iOS 26 Gets Roasted Online — Dan Ives Calls WWDC 2025 A 'Yawner',"Apple&#39;s new &#34;Liquid Glass&#34; design in iOS 26 is facing backlash for prioritizing aesthetics over usability, with critics — including investor Ross Gerber — suggesting Steve Jobs would have never approved the change.",benzinga,https://www.benzinga.com/markets/tech/25/06/45852236/steve-jobs-would-have-fired-everyone-apples-liquid-glass-in-ios-26-gets-roasted-online-dan-ives-calls-wwdc-2025-a-yawner
AAPL,2025-06-09 23:15:31+00:00,"Apple's Lack Of New AI Features At WWDC Is 'Startling,' Expert Says","Many experts have characterized Apple&#39;s AI moves as &#34;too little, too late.&#34;",benzinga,https://www.benzinga.com/markets/tech/25/06/45851232/apples-lack-of-new-ai-features-at-wwdc-is-startling-expert-says
AAPL,2025-06-09 20:30:57+00:00,Stock Buybacks Are Quietly Powering Wall Street's 2025 Rally, ,benzinga,https://www.benzinga.com/analyst-stock-ratings/analyst-color/25/06/45848820/stock-buybacks-are-quietly-powering-wall-streets-2025-rally
AAPL,2025-06-09 19:08:10+00:00,"Apple WWDC 2025: From Live Translation To Genmoji, Visual AI And ChatGPT Integration, Here Are The New Apple Intelligence Features","At WWDC 2025, Apple Inc. unveiled a series of AI-focused updates under its Apple Intelligence banner for iOS 26 and more.",benzinga,https://www.benzinga.com/markets/tech/25/06/45846510/apple-wwdc-2025-from-live-translation-to-genmoji-visual-ai-and-chatgpt-integration-here-are-the-new-apple-intelligence-features
AAPL,2025-06-09 17:54:16+00:00,"Apple WWDC 2025: iOS 26, macOS Tahoe 26 And More Announced With Liquid Glass Design, Live Translation, Other Apple Intelligence Features","Apple announced major design changes and new features, like Live Translation and Workout Buddy, at its annual developer conference, WWDC.",benzinga,https://www.benzinga.com/markets/tech/25/06/45844424/apple-wwdc-2025-ios-26-announced-with-liquid-glass-design-new-apple-intelligence-features-and-more
AAPL,2025-06-09 18:15:28+00:00,"Watching GoPro; Shares Spike Higher, Apple Announces 'VisionOS 26 supports native playback of 180-degree, 360-degree, and wide field-of-view content from Insta360, GoPro, and Canon'",,benzinga,https://www.benzinga.com/news/25/06/45845090/watching-gopro-shares-spike-higher-apple-announces-visionos-26-supports-native-playback-of-180-degre
AAPL,2025-06-09 18:03:38+00:00,Apple Introduces MacOS Tahoe Which Includes Many Features In iOS; Enhancing The Calling Experience By Bringing The Phone App To Mac,,benzinga,https://www.benzinga.com/news/25/06/45844732/apple-introduces-macos-tahoe-which-includes-many-features-in-ios-enhancing-the-calling-experience-by
AAPL,2025-06-09 17:51:24+00:00,"Apple Highlights New Apple TV Features, Shows Clips Of Upcoming Apple TV+ Shows",,benzinga,https://www.benzinga.com/news/25/06/45844370/apple-highlights-new-apple-tv-features-shows-clips-of-upcoming-apple-tv-shows
AAPL,2025-06-09 17:44:46+00:00,Apple Highlights AI Integration Into Health Apps,,benzinga,https://www.benzinga.com/news/25/06/45844204/apple-highlights-ai-integration-into-health-apps
AAPL,2025-06-09 17:36:39+00:00,Apple Highlights New 'Games' App,,benzinga,https://www.benzinga.com/news/25/06/45843975/apple-highlights-new-games-app
AAPL,2025-06-09 17:35:13+00:00,10 Information Technology Stocks With Whale Alerts In Today's Session, ,benzinga,https://www.benzinga.com/insights/options/25/06/45843939/10-information-technology-stocks-with-whale-alerts-in-todays-session
AAPL,2025-06-09 17:28:13+00:00,"Apple Highlights New Genmogi, Generative AI Features For Texting",,benzinga,https://www.benzinga.com/news/25/06/45843667/apple-highlights-new-genmogi-generative-ai-features-for-texting
AAPL,2025-06-09 17:24:01+00:00,"Apple Highlights New Calling Features In iOS 26, With 'Hold Assist'",,benzinga,https://www.benzinga.com/news/25/06/45843600/apple-highlights-new-calling-features-in-ios-26-with-hold-assist
AAPL,2025-06-09 17:19:44+00:00,Apple Highlights iOS 26 CarPlay Features,,benzinga,https://www.benzinga.com/news/25/06/45843520/apple-highlights-ios-26-carplay-features
AAPL,2025-06-09 17:18:56+00:00,Apple Highlights Redesigned Facetime Page,,benzinga,https://www.benzinga.com/news/25/06/45843499/apple-highlights-redesigned-facetime-page
AAPL,2025-06-09 17:16:52+00:00,Apple Says iOS 26 Is 'More Intuitive',,benzinga,https://www.benzinga.com/news/25/06/45843436/apple-says-ios-26-is-more-intuitive
AAPL,2025-06-09 17:14:01+00:00,Apple To Unify All Platform Launches To 'Series 26',,benzinga,https://www.benzinga.com/news/25/06/45843393/apple-to-unify-all-platform-launches-to-series-26
AAPL,2025-06-09 17:13:36+00:00,Apple Says 'Liquid Glass' Design 'Sets The Stage' For Future Hardware And Software Designs,,benzinga,https://www.benzinga.com/news/25/06/45843385/apple-says-liquid-glass-design-sets-the-stage-for-future-hardware-and-software-designs
AAPL,2025-06-09 17:10:56+00:00,Apple Unveils 'Liquid Glass' Design For iOS,,benzinga,https://www.benzinga.com/news/25/06/45843324/apple-unveils-liquid-glass-design-for-ios
AAPL,2025-06-09 17:10:21+00:00,"Apple Highlights Newest iOS Design, Will Have Universal Design Language Across All Devices",,benzinga,https://www.benzinga.com/news/25/06/45843283/apple-highlights-newest-ios-design-will-have-universal-design-language-across-all-devices
AAPL,2025-06-09 17:07:13+00:00,Apple Says Apps Can Plug Straight Into LLMs On-Device With New Feature,,benzinga,https://www.benzinga.com/news/25/06/45843064/apple-says-apps-can-plug-straight-into-llms-on-device-with-new-feature
AAPL,2025-06-09 17:06:44+00:00,"Apple Will Not Present On Siri In WWDC 2025, Details To Come 'Later This Year'",,benzinga,https://www.benzinga.com/news/25/06/45843038/apple-will-not-present-on-siri-in-wwdc-2025-details-to-come-later-this-year
AAPL,2025-06-09 17:05:41+00:00,Apple Highlights AI Tools At WWDC 2025,,benzinga,https://www.benzinga.com/news/25/06/45843008/apple-highlights-ai-tools-at-wwdc-2025
AAPL,2025-06-09 17:02:25+00:00,Apple's WWDC 2025 Event Begins,,benzinga,https://www.benzinga.com/news/25/06/45842932/apples-wwdc-2025-event-begins
AAPL,2025-06-09 15:09:19+00:00,"Apple's WWDC: Analyst Sees AI Unveil, Siri Revamp And Alibaba Deal As Catalyst For iPhone Upgrade",Wedbush analyst maintains Outperform rating on Apple with $270 price target. WWDC will showcase AI strategy and potential Alibaba partnership.,benzinga,https://www.benzinga.com/analyst-stock-ratings/analyst-color/25/06/45840001/apples-wwdc-analyst-sees-ai-unveil-siri-revamp-and-alibaba-deal-as-catalyst-for-iphone-upgrade
AAPL,2025-06-09 14:29:15+00:00,Apple's WWDC 2025 Kicks Off Today: What's Going On?,"Apple to focus on AI at WWDC 2025, but no major breakthroughs expected. Analyst Ming-Chi Kuo outlines key points for Apple&#39;s AI strategy at upcoming event.",benzinga,https://www.benzinga.com/trading-ideas/movers/25/06/45838486/apples-wwdc-2025-kicks-off-today-whats-going-on
AAPL,2025-06-09 13:25:40+00:00,"Top 10 Trending Stocks On WallStreetBets As Of June 9, 2025 (Via Swaggy Stocks)",,benzinga,https://www.benzinga.com/trading-ideas/25/06/45835953/top-10-trending-stocks-on-wallstreetbets-as-of-june-9-2025-via-swaggy-stocks
AAPL,2025-06-09 10:40:27+00:00,Ryan Reynolds Flames Neil Patrick Harris For Taking Over Deadpool Role In Meta Quest VR Game,"Ryan Reynolds humorously responded to Neil Patrick Harris taking over the Deadpool role in Meta Quest&#39;s upcoming VR game, playfully calling Harris a &#34;butthole&#34; for stealing his signature role.",benzinga,https://www.benzinga.com/markets/tech/25/06/45832784/ryan-reynolds-flames-neil-patrick-harris-for-taking-over-deadpool-role-in-meta-quest-vr-game
AAPL,2025-06-09 08:31:20+00:00,Boeing 737 MAX Deliveries To China Restart After Month-Long Pause Amid Trade Tensions With US Over Trump's Tariffs,"A Boeing Co. (NYSE: BA) 737 MAX 8 aircraft landed at the company&#39;s Zhoushan completion center near Shanghai on Monday, marking the resumption of deliveries to Chinese carriers after a month-long halt due to escalating trade tensions.",benzinga,https://www.benzinga.com/news/politics/25/06/45831511/boeing-737-max-deliveries-to-china-restart-after-month-long-pause-amid-trade-tensions-with-us-over-trumps-tariffs
AAPL,2025-06-09 06:38:23+00:00,"WWDC 2025 Not Expected To Have Any Major AI Breakthroughs, But Apple Analyst Says Watch Out For These 3 Key Points","Ming-Chi Kuo predicts that while Apple&#39;s AI strategy will take center stage at WWDC 2025, no major breakthroughs are expected, but clear explanations and a roadmap for AI development could meet market expectations.",benzinga,https://www.benzinga.com/markets/tech/25/06/45831001/wwdc-2025-not-expected-to-have-any-major-ai-breakthroughs-but-apple-analyst-says-watch-out-for-these-3-key-points
AAPL,2025-06-09 05:00:32+00:00,Pierre Ferragu Takes Apple To Task For Dismissing The AI Revolution: 'Has Its Head In The Sand',"Pierre Ferragu, an analyst at New Street Research, criticized Apple&#39;s approach to AI reasoning models, claiming the company is ignoring the revolution and falling behind its competitors in AI innovation.",benzinga,https://www.benzinga.com/markets/tech/25/06/45830549/pierre-ferragu-takes-apple-to-task-for-dismissing-the-ai-revolution-has-its-head-in-the-sand
AAPL,2025-06-08 20:51:11+00:00,"Apple's Liquid Glass Interface Set To Revolutionize iOS 26, Hints At 20th Anniversary iPhone","Apple is poised to unveil a groundbreaking software design, dubbed &#34;Liquid Glass,&#34; at its upcoming Worldwide Developers Conference.",benzinga,https://www.benzinga.com/markets/tech/25/06/45829938/apples-liquid-glass-interface-set-to-revolutionize-ios-26-hints-at-20th-anniversary-iphone
AAPL,2025-06-08 17:30:54+00:00,"Kanye West Once Gifted Kim Kardashian Stocks In Apple, Netflix, Amazon And Disney — And His Financial Foresight Continues To Benefit Her Wealth","Despite their divorce, Kanye West&#39;s strategic stock investments for Kim Kardashian in major companies like Netflix, Apple and Amazon continue to thrive, significantly boosting her wealth.",benzinga,https://www.benzinga.com/markets/tech/25/06/45829612/kanye-west-once-gifted-kim-kardashian-stocks-in-apple-netflix-amazon-and-disney-and-his-financial-foresight-continues-to-benefit-her-wealth
AAPL,2025-06-08 16:46:46+00:00,"Consumer Tech News (Jun 2-Jun 6): Amercia Witnesses Surge In Layoffs, Tesla Norway Sales Jumps 213% In May & More",Corporate layoffs surge due to Trump&#39;s tariff policies and AI adoption. Broadcom beats estimates in Q2. Rubrik&#39;s Q1 results exceed expectations. Tesla&#39;s sales surge in Norway. Scaramucci praises Musk&#39;s impact. Disney loses battle to block executive from joining YouTube. Tom Cruise&#39;s Mission: Impossible - The Final Reckoning reignites China&#39;s box office. Apple to unveil new technology developments.,benzinga,https://www.benzinga.com/markets/tech/25/06/45829550/consumer-tech-news-jun-2-jun-6-amercia-witnesses-surge-in-layoffs-tesla-norway-sales-jumps-213-in-may-more
AAPL,2025-06-08 12:01:00+00:00,"Apple's AI Delay, WWDC 2025, And App Store Sales Surge: This Week In Appleverse", ,benzinga,https://www.benzinga.com/markets/tech/25/06/45829063/apples-ai-delay-wwdc-2025-and-app-store-sales-surge-this-week-in-appleverse
AAPL,2025-06-07 15:01:33+00:00,"You'd Be A Millionaire If You Invested $10,000 In This Stock In 1995: Here Is S&P 500's Top Performing Stock Over The Last 30 Years",This beverage company has outperformed all S&amp;P 500 stocks over the last 30 years providing an 32.6% annualized return.,benzinga,https://www.benzinga.com/markets/equities/25/06/45827784/youd-be-a-millionaire-if-you-invested-10000-in-this-stock-in-1995-here-is-sp-500s-top-performing-stock-over-the-last-30-years
AAPL,2025-06-07 14:01:40+00:00,Steve Jobs Taught Tim Cook A 'Brilliant' Skill That Only 'Few People Have' But The Apple Chief Took A While To Fall In Love With It,"Steve Jobs taught Tim Cook to always be open to new evidence and change his mind quickly, a trait that inspired others like Jony Ive and Marc Benioff.",benzinga,https://www.benzinga.com/markets/tech/25/06/45827666/steve-jobs-taught-tim-cook-a-brilliant-skill-that-only-few-people-have-but-the-apple-chief-took-a-while-to-fall-in-love-with-it
AAPL,2025-06-07 03:34:56+00:00,"Apple May Launch New Hardware At WWDC 2025: Mac Pro, HomePad, AirTag 2 Expected","Rumors suggest that Apple&#39;s WWDC 2025 may feature surprise hardware announcements, including a new Mac Pro.",benzinga,https://www.benzinga.com/markets/tech/25/06/45826757/apple-may-launch-new-hardware-at-wwdc-2025-mac-pro-homepad-airtag-2-expected
AAPL,2025-06-06 20:15:03+00:00,Broadcom Gets Mixed Reactions As Modest Earnings Beat Sparks Profit-Taking,"
Wall Street analysts raise ratings on Broadcom after strong second-quarter results, with AI revenue growing 46% to $4.4 billion.",benzinga,https://www.benzinga.com/analyst-stock-ratings/reiteration/25/06/45823387/broadcom-gets-mixed-reactions-as-modest-earnings-beat-sparks-profit-taking
AAPL,2025-06-06 17:35:13+00:00,10 Information Technology Stocks Whale Activity In Today's Session, ,benzinga,https://www.benzinga.com/insights/options/25/06/45820568/10-information-technology-stocks-whale-activity-in-todays-session
AAPL,2025-06-06 15:00:36+00:00,"Market Analysis: Apple And Competitors In Technology Hardware, Storage &amp; Peripherals Industry", ,benzinga,https://www.benzinga.com/insights/news/25/06/45816456/market-analysis-apple-and-competitors-in-technology-hardware-storage-amp-peripherals-industry
AAPL,2025-06-06 13:39:39+00:00,Taiwan Semiconductor Powers Alphawave's 2nm Chip Breakthrough For Faster AI And HPC Connectivity,"Alphawave Semi announces successful tape out of UCIe IP subsystem on TSMC&#39;s 2-nm process, supporting 36G die-to-die data rates. This milestone shows readiness for advanced chiplet architectures and future disaggregated SoCs. ",benzinga,https://www.benzinga.com/markets/tech/25/06/45813754/taiwan-semiconductor-powers-alphawaves-2nm-chip-breakthrough-for-faster-ai-and-hpc-connectivity
AAPL,2025-06-05 17:46:33+00:00,Apple Has Plummeted A Stunning 45% Vs. Mag 7 Since 2022,"Apple&#39;s stock has fallen 45% since its 2022 peak, lagging behind other Big Tech peers due to tariffs, market weakness, and lackluster iPhone sales.",benzinga,https://www.benzinga.com/markets/tech/25/06/45799943/apple-has-plummeted-a-stunning-45-vs-mag-7-since-2022
AAPL,2025-06-05 17:38:09+00:00,"Morgan Stanley Reiterates Overweight on Apple, Maintains $235 Price Target",,benzinga,https://www.benzinga.com/news/25/06/45799845/morgan-stanley-reiterates-overweight-on-apple-maintains-235-price-target
AAPL,2025-06-05 17:35:13+00:00,10 Information Technology Stocks Whale Activity In Today's Session, ,benzinga,https://www.benzinga.com/insights/options/25/06/45799780/10-information-technology-stocks-whale-activity-in-todays-session
AAPL,2025-06-05 16:47:29+00:00,"Apple Faces Modest Earnings Hit After Court Ruling But Analyst Expects Match, Bumble, Spotify Set To Gain",Apps such as Bumble and Playstudios that previously paid fees to Apple should expect an annual margin uplift.,benzinga,https://www.benzinga.com/markets/large-cap/25/06/45798733/apple-faces-modest-earnings-hit-after-court-ruling-but-analyst-expects-match-bumble-spotify-set-to-gain
AAPL,2025-06-05 14:02:30+00:00,Unpacking the Latest Options Trading Trends in Apple, ,benzinga,https://www.benzinga.com/insights/options/25/06/45793613/unpacking-the-latest-options-trading-trends-in-apple
AAPL,2025-06-05 10:05:45+00:00,Steve Ballmer Admits Microsoft Missed Mobile By Clinging To Windows: 'We Were Too Confident',Former Microsoft Corporation CEO Steve Ballmer publicly acknowledged the tech giant&#39;s critical strategic error in mobile computing. ,benzinga,https://www.benzinga.com/markets/equities/25/06/45788153/steve-ballmer-admits-microsoft-missed-mobile-by-clinging-to-windows-we-were-too-confident
AAPL,2025-06-05 10:01:17+00:00,Apple And Alibaba's AI Launch In China Delayed By US-China Trade Tensions And Regulatory Hurdles: Report,"Apple Inc. and Alibaba Group Holding Ltd. are facing regulatory delays in launching their artificial intelligence partnership in China, as Beijing withholds approval amid complex US-China trade dynamics.",benzinga,https://www.benzinga.com/markets/asia/25/06/45787934/apple-and-alibabas-ai-launch-in-china-delayed-by-us-china-trade-tensions-and-regulatory-hurdles-report
AAPL,2025-06-05 09:08:30+00:00,"Apple's WWDC 2025: When, How To Watch The Keynote And What To Expect","Apple&#39;s WWDC 2025, set for June 9-13, will unveil iOS 19 and other software updates, with a focus on core enhancements.",benzinga,https://www.benzinga.com/markets/tech/25/06/45787471/apples-wwdc-2025-when-how-to-watch-the-keynote-and-what-to-expect
AAPL,2025-06-05 08:19:16+00:00,"Build-A-Bear Beats Big Tech: Plush Toy Retailer Outpaces Nvidia, Apple With Over 1,600% Returns In 5 Years",Small-cap retailer Build-A-Bear Workshop Inc. has quietly outperformed the big tech giants in the last 5 years.,benzinga,https://www.benzinga.com/markets/equities/25/06/45786997/build-a-bear-beats-big-tech-plush-toy-retailer-outpaces-nvidia-apple-with-over-1600-returns-in-5-years
AAPL,2025-06-05 07:46:06+00:00,Magnificent 7 Drive 54% Of Market Cap Gains In S&P 500 Since April Lows: 'The Market Cannot Survive Without Big Tech',"As the market recovers from April lows, the Magnificent 7 stocks led nearly 55% of the S&amp;P 500&#39;s market capitalization recovery.",benzinga,https://www.benzinga.com/markets/equities/25/06/45786854/magnificent-7-drive-54-of-market-cap-gains-in-sp-500-since-april-lows-the-market-cannot-survive-without-big-tech
AAPL,2025-06-05 07:16:35+00:00,"Meta Is Talking Exclusive VR Content With Disney, Other Hollywood Studios As It Prepares To Launch Its Apple Vision Pro Rival: Report","Meta is securing exclusive VR content from Hollywood studios to attract users to its upcoming premium VR headset, &#34;Loma,&#34; which aims to compete with Apple&#39;s Vision Pro at a lower price point.",benzinga,https://www.benzinga.com/markets/tech/25/06/45786646/meta-is-talking-exclusive-vr-content-with-disney-other-hollywood-studios-as-it-prepares-to-launch-its-apple-vision-pro-rival-report
AAPL,2025-06-04 21:16:56+00:00,'Apple loses bid to pause app store reform order in Epic Games case'- Reuters,,benzinga,https://www.benzinga.com/news/25/06/45782351/apple-loses-bid-to-pause-app-store-reform-order-in-epic-games-case-reuters
AAPL,2025-06-04 20:45:15+00:00,"Apple App Store Sales Jump In May, Boosting Outlook For Services Growth",JPMorgan analyst had Overweight rating on Apple. Sensor Tower reported increase in App Store revenue and downloads. Counterpoint Research cuts growth expectations for global smartphone shipments.,benzinga,https://www.benzinga.com/markets/tech/25/06/45781527/apple-app-store-sales-jump-in-may-boosting-outlook-for-services-growth
AAPL,2025-06-04 17:35:17+00:00,10 Information Technology Stocks With Whale Alerts In Today's Session, ,benzinga,https://www.benzinga.com/insights/options/25/06/45777815/10-information-technology-stocks-with-whale-alerts-in-todays-session
AAPL,2025-06-04 15:48:21+00:00,'Apple and Alibaba's AI rollout in China delayed by Donald Trump's trade war'- Financial Times,,benzinga,https://www.benzinga.com/news/25/06/45775253/apple-and-alibabas-ai-rollout-in-china-delayed-by-donald-trumps-trade-war-financial-times
AAPL,2025-06-04 15:33:51+00:00,"Apple Stock Too Pricey? Analyst Warns Of Rising Competition, Tariff Risks, Favors 2 Tech Giants", ,benzinga,https://www.benzinga.com/analyst-stock-ratings/downgrades/25/06/45774924/apple-stock-too-pricey-analyst-warns-of-rising-competition-tariff-risks-favors-2-tech-giants
AAPL,2025-06-04 15:12:43+00:00,Wedbush Launches AI Revolution ETF Backed By Dan Ives' Proprietary Tech Picks,"Dan Ives brings his bold predictions and tech expertise to the ETF market with the Dan Ives Wedbush AI Revolution ETF, centered around AI companies he&#39;s been bullish on for years.",benzinga,https://www.benzinga.com/etfs/new-etfs/25/06/45774136/wedbush-launches-ai-revolution-etf-backed-by-dan-ives-proprietary-tech-picks
AAPL,2025-06-04 12:58:04+00:00,"Tariffs, AI And Trade War: Apple's Smartphone Growth To Take A Hit, Experts Say",Counterpoint Research cut growth expectations for global smartphone shipments in 2025 to 1.9% due to Trump&#39;s tariff uncertainties. Apple and Samsung&#39;s shipments are expected to slow as costs are passed to consumers.,benzinga,https://www.benzinga.com/markets/tech/25/06/45769045/tariffs-ai-and-trade-war-apples-smartphone-growth-to-take-a-hit-experts-say
AAPL,2025-06-04 15:00:31+00:00,"Comparing Apple With Industry Competitors In Technology Hardware, Storage &amp; Peripherals Industry", ,benzinga,https://www.benzinga.com/insights/news/25/06/45773588/comparing-apple-with-industry-competitors-in-technology-hardware-storage-amp-peripherals-industry
AAPL,2025-06-04 13:55:40+00:00,This Apple Analyst Is No Longer Bullish; Here Are Top 5 Downgrades For Wednesday, ,benzinga,https://www.benzinga.com/analyst-stock-ratings/downgrades/25/06/45771113/this-apple-analyst-is-no-longer-bullish-here-are-top-5-downgrades-for-wednesday-2
AAPL,2025-06-04 13:43:39+00:00,"Alibaba, JD See Sales Soar In 618 Festival, Apple And Xiaomi Emerge As Top Selling Brands",Chinese e-commerce giants Alibaba and JD.com noted strong sales in their 618 shopping festival with government subsidy. Positive outlook on Chinese stocks.,benzinga,https://www.benzinga.com/markets/large-cap/25/06/45770679/alibaba-jd-see-sales-soar-in-618-festival-apple-and-xiaomi-emerge-as-top-selling-brands
AAPL,2025-06-04 13:37:55+00:00,"Top 10 Trending Stocks On WallStreetBets As Of June 4, 2025 (Via Swaggy Stocks)",,benzinga,https://www.benzinga.com/trading-ideas/25/06/45770459/top-10-trending-stocks-on-wallstreetbets-as-of-june-4-2025-via-swaggy-stocks
AAPL,2025-06-04 13:01:47+00:00,"Trump Threatened Tariffs On Apple And Mattel—Why The Barbie Maker Could Slide Free, But Tim Cook's Company Might Not",President Donald Trump has threatened to impose tariffs on Apple Inc. (NASDAQ: AAPL) and Mattel Inc. (NASDAQ: MAT) amid their reluctance to move manufacturing back to the U.S.,benzinga,https://www.benzinga.com/markets/tech/25/06/45769527/trump-threatened-tariffs-on-apple-and-mattel-why-the-barbie-maker-could-slide-free-but-tim-cooks-company-might-not
AAPL,2025-06-04 12:00:21+00:00,Analyst Expectations For Apple's Future, ,benzinga,https://www.benzinga.com/insights/analyst-ratings/25/06/45767872/analyst-expectations-for-apples-future
AAPL,2025-06-04 10:41:58+00:00,"Needham Downgrades Apple to Hold, Maintains Price Target to $225",,benzinga,https://www.benzinga.com/news/25/06/45766331/needham-downgrades-apple-to-hold-maintains-price-target-to-225
AAPL,2025-06-04 08:46:00+00:00,"Apple Has 'At Least Two Years' Before Losing Customers Despite Its Several AI Missteps, Says Gene Munster — Here's Why","Deepwater&#39;s Gene Munster, a prominent tech analyst, has shared his insights on Apple Inc.&#39;s (NASDAQ: AAPL) upcoming Worldwide Developers Conference (WWDC) and the company&#39;s future in artificial intelligence (AI).",benzinga,https://www.benzinga.com/markets/tech/25/06/45764870/apple-has-at-least-two-years-before-losing-customers-despite-its-several-ai-missteps-says-gene-munster-heres-why
AAPL,2025-06-04 08:41:06+00:00,"Coinbase Crushed Tesla, Amazon And Other Mag 7 Peers In Recent Rally — Here's What Drove The Stunning Comeback","Cryptocurrency exchange Coinbase Global Inc. overtook several Wall Street behemoths in a stunning rally last month, driven by its historic inclusion in the S&amp;P 500 and renewed cryptocurrency optimism.",benzinga,https://www.benzinga.com/crypto/cryptocurrency/25/06/45764843/coinbase-crushed-tesla-amazon-and-other-mag-7-peers-in-recent-rally-heres-what-drove-the-stunning-comeback
AAPL,2025-06-04 04:35:17+00:00,Nvidia Overtakes Microsoft As The World's Most Valuable Company With $3.4 Trillion Market Cap As Morgan Stanley Reaffirms Top Pick Status,"Nvidia surpassed Microsoft to become the world&#39;s most valuable company with a $3.44 trillion market cap, driven by surging demand for its AI chips and blockbuster earnings.",benzinga,https://www.benzinga.com/markets/tech/25/06/45763363/nvidia-overtakes-microsoft-as-the-worlds-most-valuable-company-with-3-4-trillion-market-cap-as-morgan-stanley-reaffirms-top-pick-status
AAPL,2025-06-04 03:58:19+00:00,Jim Cramer Says Trump Is 'Distorting Pretty Much Everything' And That's Making It Difficult To Value Stocks: 'People Would Just Rather Be Short',Jim Cramer warned that President Donald Trump&#39;s unpredictable trade policies are distorting stock valuations.,benzinga,https://www.benzinga.com/markets/equities/25/06/45763260/jim-cramer-says-trump-is-distorting-pretty-much-everything-and-thats-making-it-difficult-to-value-stocks-people-would-just-rather-be-short
AAPL,2025-06-03 23:02:04+00:00,"Here Are The Highest Paid CEOs In 2024: Where Did Elon Musk, Warren Buffett Rank?",Here&#39;s a look at the top 10 highest paid CEOs in 2024 and some other notable names on the list.,benzinga,https://www.benzinga.com/news/movers-shakers/25/06/45761617/here-are-the-highest-paid-ceos-in-2024-where-did-elon-musk-warren-buffett-rank
AAPL,2025-06-03 20:28:16+00:00,"S&P 500 Q1 Earnings Stun Again The Street With Broad-Based Beats, Double-Digit Growth","Nearly 80% of S&amp;P 500 firms beat Q1 earnings forecasts. Profit growth hit 13.3%, led by tech and health care, says FactSet.",benzinga,https://www.benzinga.com/analyst-stock-ratings/analyst-color/25/06/45758803/sp-500-q1-earnings-stun-again-the-street-with-broad-based-beats-double-digit-growth
AAPL,2025-06-03 15:23:51+00:00,"EXCLUSIVE: May's 20 Most-Searched Tickers On Benzinga Pro — Where Do Apple, Palantir, CoreWeave, Nvidia Rank?","Each trading day features hundreds of headlines and press releases on Benzinga Pro, a source for traders to see the latest news on the overall market and individual tickers.",benzinga,https://www.benzinga.com/trading-ideas/long-ideas/25/06/45750724/exclusive-mays-20-most-searched-tickers-on-benzinga-pro-where-do-apple-palantir-coreweave-nvidia-rank
AAPL,2025-06-03 15:00:35+00:00,"Inquiry Into Apple's Competitor Dynamics In Technology Hardware, Storage &amp; Peripherals Industry", ,benzinga,https://www.benzinga.com/insights/news/25/06/45749898/inquiry-into-apples-competitor-dynamics-in-technology-hardware-storage-amp-peripherals-industry
AAPL,2025-06-03 12:50:56+00:00,"Watching Alphabet; Shares Trade Lower, Traders Circulate Unconfirmed Rumor That Apple Is Reportedly In Talks With Perplexity To Bring Its AI Search To iPhones; Potentially Replacing Google In Safari And ChatGPT In Siri",,benzinga,https://www.benzinga.com/news/25/06/45744828/watching-alphabet-shares-trade-lower-traders-circulate-unconfirmed-rumor-that-apple-is-reportedly-in
AAPL,2025-06-03 03:21:31+00:00,"Elizabeth Warren Says Trump 'Approved' The Largest Meat Company In World To Be Listed On NYSE Ignoring Corruption And Bribery History, Demands Answers","Sen. Elizabeth Warren (D-Mass.) is once again calling out corruption in the Trump Administration, following a questionable decision made by the U.S. Securities and Exchange Commission.",benzinga,https://www.benzinga.com/markets/equities/25/06/45738435/elizabeth-warren-says-trump-approved-the-largest-meat-company-in-world-to-be-listed-on-nyse-ignoring-corruption-and-bribery-history-demands-answers
AAPL,2025-06-03 02:27:54+00:00,Steve Jobs' Widow Is Backing Jony Ive's Mystery AI Device Even Though She's Still 'Very Close' To Apple Leadership: 'If It Wasn't For Laurene…', ,benzinga,https://www.benzinga.com/markets/tech/25/06/45738323/steve-jobs-widow-is-backing-jony-ives-mystery-ai-device-even-though-shes-still-very-close-to-apple-leadership-if-it-wasnt-for-laurene
AAPL,2025-06-02 20:45:18+00:00,Here's How Much You Would Have Made Owning Apple Stock In The Last 10 Years, ,benzinga,https://www.benzinga.com/insights/news/25/06/45735141/heres-how-much-you-would-have-made-owning-apple-stock-in-the-last-10-years
AAPL,2025-06-02 19:44:41+00:00,Looking For Summer Seasonal Gains? Here Are 10 S&P 500 Stocks That Historically Rallied In June,"Seasonal trends highlight 10 S&amp;P 500 stocks with strong June performance. Tesla leads the list, joined by consistent gainers like Eli Lilly.",benzinga,https://www.benzinga.com/markets/large-cap/25/06/45733245/looking-for-summer-seasonal-gains-here-are-10-sp-500-stocks-that-historically-rallied-in-june
AAPL,2025-06-02 17:35:12+00:00,10 Information Technology Stocks Whale Activity In Today's Session, ,benzinga,https://www.benzinga.com/insights/options/25/06/45729885/10-information-technology-stocks-whale-activity-in-todays-session
AAPL,2025-06-02 16:25:46+00:00,"Apple Stock Has 'Near Term Headwinds, Significant Long-Term Opportunity': Analyst Lays Out Bull, Bear Cases For Tech Giant","Analyst presents a comprehensive summary of the bull/bear cases for Apple stock, highlighting headwinds such as tariffs and AI.",benzinga,https://www.benzinga.com/analyst-stock-ratings/analyst-color/25/06/45727606/apple-stock-has-near-term-headwinds-significant-long-term-opportunity-analyst-lays-out-bull-bear-cases-for-tech-giant
AAPL,2025-06-02 15:01:22+00:00,"Evaluating Apple Against Peers In Technology Hardware, Storage &amp; Peripherals Industry", ,benzinga,https://www.benzinga.com/insights/news/25/06/45724915/evaluating-apple-against-peers-in-technology-hardware-storage-amp-peripherals-industry
AAPL,2025-06-02 13:59:16+00:00,"Magnificent Seven Closed A Blockbuster May, Added Nearly $2 Trillion In Market Value","Nvidia, Tesla and Meta drove the Magnificent Seven to a $1.75 trillion market cap surge in May 2025, led by booming AI demand and strong earnings.",benzinga,https://www.benzinga.com/etfs/new-etfs/25/06/45722678/magnificent-seven-closed-a-blockbuster-may-added-nearly-2-trillion-in-market-value
AAPL,2025-06-02 11:34:42+00:00,Jony Ive Once Said Steve Jobs Demanded Everyone At Apple Often Answer This Question: 'It Still Shocks Me How Few People Actually Practice This',"Jony Ive learned from Steve Jobs that the hardest part of creativity is having the nerve to drop most ideas. This lesson has been adopted by other CEOs, including Salesforce&#39;s Marc Benioff.",benzinga,https://www.benzinga.com/cannabis/25/06/45718360/jony-ive-once-said-steve-jobs-demanded-everyone-at-apple-often-answer-this-question-it-still-shocks-me-how-few-people-actually-practice-this
AAPL,2025-06-02 11:50:11+00:00,"Michael Saylor's Strategy Outperforms Apple, Tesla, Amazon And Other Mag 7 Stocks And It's Not Even Close: Has The 'Bitcoin Treasury' Bet Paid Off?","Michael Saylor&#39;s &#39;Bitcoin Treasury&#39; gambit has been a monumental success, outpacing stocks, commodities, and even Bitcoin itself.",benzinga,https://www.benzinga.com/crypto/25/06/45718471/michael-saylors-strategy-outperforms-apple-tesla-amazon-and-other-mag-7-stocks-and-its-not-even-close-has-the-bitcoin-treasury-bet-paid-off
AAPL,2025-06-02 11:03:05+00:00,"'If Your Product Is Great, It Doesn't Need To Be Good:' When Gmail Creator Paul Buchheit Took Aim At Tech's Obsession With Features","Paul Buchheit, Gmail&#39;s creator, argued that successful products don&#39;t need a lot of features.",benzinga,https://www.benzinga.com/news/topics/25/06/45717824/if-your-product-is-great-it-doesnt-need-to-be-good-when-gmail-creator-paul-buchheit-took-aim-at-techs-obsession-with-features
AAPL,2025-06-02 09:48:28+00:00,"Nokia Was Worth 40 Times More Than Apple 25 Years Ago, When The Legendary Nokia 3310 Was Launched: 7 Years Later, Steve Jobs Ended The Era Of Dumb Phones. Is The Writing On The Wall For Cupertino As It Trails In The AI Race?","Apple, once nearly 40 times smaller than Nokia, now risks repeating the Finnish giant&#39;s downfall as it trails rivals in the AI race.",benzinga,https://www.benzinga.com/news/topics/25/06/45716470/nokia-was-worth-40-times-more-than-apple-25-years-ago-when-the-legendary-nokia-3310-was-launched-7-years-later-steve-jobs-ended-the-era-of-dumb-phones-is-the-writing-on-the-wall-for-cupertino-as-i
AAPL,2025-06-02 06:51:18+00:00,"Delaying Artificial Intelligence The Real Existential Risk Says Joscha Bach, Scientist Says He's More Afraid That 'We Don't Build AI'",Joscha Bach warns that humanity is more likely to face extinction from neglecting AI than from developing it too quickly.,benzinga,https://www.benzinga.com/markets/equities/25/06/45714838/delaying-artificial-intelligence-the-real-existential-risk-says-joscha-bach-scientist-says-hes-more-afraid-that-we-dont-build-ai
AAPL,2025-06-01 20:03:58+00:00,Apple's AI Struggles To Keep Pace With Rivals Ahead Of WWDC 2025,"As the Worldwide Developers Conference looms, Apple seems to be grappling to keep up with AI frontrunners such as OpenAI and Google, despite its best efforts.",benzinga,https://www.benzinga.com/news/topics/25/06/45712700/apples-ai-struggles-to-keep-pace-with-rivals-ahead-of-wwdc-2025
AAPL,2025-06-01 17:25:52+00:00,"Consumer Tech News (May 26-May 30): Germany May Impose 10% Online Platform Tax, Tesla's European Sales Slump & More",Germany may impose 10% digital tax on Alphabet and Meta Platforms; Trump targets Apple in calculated move; JioHotstar adds 230M subscribers; Nvidia CEO rejects PowerPoint; Tesla&#39;s Optimus humanoid robot could trigger multi-trillion-dollar industry.,benzinga,https://www.benzinga.com/markets/large-cap/25/06/45712446/consumer-tech-news-may-26-may-30-germany-may-impose-10-online-platform-tax-teslas-european-sales-slump-more
AAPL,2025-06-01 16:56:06+00:00,Apple Stock Lags Behind Peers — Here's What Wall Street Says About the Dip,"Apple has experienced a turbulent year, with its stock value decreasing by 20% since the start of the year.",benzinga,https://www.benzinga.com/markets/emerging-markets/25/06/45712405/apple-stock-lags-behind-peers-heres-what-wall-street-says-about-the-dip
AAPL,2025-06-01 12:02:54+00:00,"From iOS Overhaul, iPhone Camera Upgrade To Trump's Tariffs: This Week In Appleverse", ,benzinga,https://www.benzinga.com/news/topics/25/06/45711800/from-ios-overhaul-iphone-camera-upgrade-to-trumps-tariffs-this-week-in-appleverse
