videoDate,videoId,videoTitle
2025-06-22T02:31:14Z,yHnfcs0l0JA,#shorts #stocks #pltr #palantir #uber #tesla #tsla #soxl #coin #coinbase #stockmarket #stock
2025-06-20T22:49:11Z,oGquLkeHCnw,SOXL: Will this Semiconductor ETF Surge After Nvidia&#39;s Data Center Boom? üìà
2025-06-18T23:06:41Z,G-rKTkanMtE,SOXL Stock THURSDAY UPDATE! (The Exact Answer) Direxion Daily Bull stock best broker review
2025-06-18T17:28:27Z,Gr5HnOstVgE,SOXL STOCK- DIREXION DAILY SEMICONDUCTOR BULL 3X SHARES STOCK TODAYS BREAKING NEWS | SOXL STOCK
2025-06-18T10:46:01Z,bpHOakdZQkw,SOXL STOCK FORECAST- DIREXION DAILY SEMICONDUCTOR BULL 3X SHARES STOCK (BUY??)
2025-06-18T10:43:02Z,EsgZ0uaxbXw,SOXL Stock BREAKING: What does this mean? (buy?) Direxion Daily Bull stock analysis best broker
2025-06-17T22:49:12Z,ef55ipZkAPA,SOXL ETF Surge? üìà 5 Key Predictions for Wednesday&#39;s Market Impact and Price Movements!
2025-06-16T22:42:05Z,ICRqy0_PwIs,SOXL Stock NEWS Alert! (buying? finally?) Direxion Daily Bull
2025-06-16T22:39:46Z,HMP-Pm1LqXQ,SOXL ETF Analysis: Can Nvidia&#39;s Surge Revive SOXL&#39;s Price? üìà Tuesday Predicted Opening Price!
2025-06-16T14:59:43Z,ortnz3X3cIE,SOXL Stock BREAKING: What does this mean? (buy?) Direxion Daily Bull stock analysis best broker
2025-06-16T15:00:06Z,RiimseKGjuQ,SOXL STOCK FORECAST- DIREXION DAILY SEMICONDUCTOR BULL 3X SHARES STOCK (BUY??)
2025-06-16T14:59:06Z,Dh_u8iNvKUQ,SOXL STOCK- DIREXION DAILY SEMICONDUCTOR BULL 3X SHARES STOCK TODAYS BREAKING NEWS | SOXL STOCK
2025-06-15T22:47:36Z,58PH9RmPL2k,SOXL Stock EXPLODING NEXT!? (Time to Buy?) Direxion Daily Bull stock best brokers review
2025-06-14T22:48:06Z,4jhYoUaobHA,SOXL Stock IS EVEN CRAZIER! (massive update!) Direxion Daily Bull stock best broker reviews
2025-06-14T16:47:55Z,OV83lHedE6g,10K INVESTMENT IN SOXL SINCE INCEPTION IS WORTH THIS TODAY
2025-06-13T23:35:23Z,pZKDAEmkIYk,SOXL Stock NEXT MONDAY CRAZY! (exact play exposed) Direxion Daily Bull stock best broker review
2025-06-13T18:46:52Z,lOAoVJ97Zdg,SOXL STOCK FORECAST- DIREXION DAILY SEMICONDUCTOR BULL 3X SHARES STOCK (BUY??)
2025-06-13T18:29:23Z,wce66JzwuKI,SOXL Stock BREAKING: What does this mean? (buy?) Direxion Daily Bull stock analysis best broker
2025-06-13T18:07:59Z,0sPfgF4KhjE,SOXL STOCK- DIREXION DAILY SEMICONDUCTOR BULL 3X SHARES STOCK TODAYS BREAKING NEWS | SOXL STOCK
2025-06-12T19:16:18Z,BnQ_CNPvlN4,SOXL STOCK FORECAST- DIREXION DAILY SEMICONDUCTOR BULL 3X SHARES STOCK (BUY??)
2025-06-12T18:24:52Z,KE8h3NZtG1E,SOXL STOCK- DIREXION DAILY SEMICONDUCTOR BULL 3X SHARES STOCK TODAYS BREAKING NEWS | SOXL STOCK
2025-06-12T17:46:38Z,odUztCRG2Tc,SOXL Stock BREAKING: What does this mean? (buy?) Direxion Daily Bull stock analysis best broker
2025-06-11T22:34:55Z,KaO_D0BUN9g,SOXL Analysis: Is This Semiconductor ETF Set for a Massive Comeback? üöÄ Thursday Price Forecast!
2025-06-11T21:07:36Z,s4T7-inLfHE,SOXL STOCK FORECAST- DIREXION DAILY SEMICONDUCTOR BULL 3X SHARES STOCK (BUY??)
2025-06-11T20:24:49Z,hWboULX0uXI,SOXL Stock BREAKING: What does this mean? (buy?) Direxion Daily Bull stock analysis best broker
2025-06-11T20:04:28Z,VzbJqV7ASE4,SOXL STOCK- DIREXION DAILY SEMICONDUCTOR BULL 3X SHARES STOCK TODAYS BREAKING NEWS | SOXL STOCK
2025-06-10T22:48:46Z,F0VY0fG6zXU,SOXL Skyrockets? Nvidia&#39;s Demand Surge Sparks ETF Analysis! üìà 5 Price Predictions for Tomorrow!
2025-06-10T20:29:26Z,GsCvFflRjc8,SOXL STOCK FORECAST- DIREXION DAILY SEMICONDUCTOR BULL 3X SHARES STOCK (BUY??)
2025-06-10T20:26:31Z,d25itU84hFA,SOXL Stock BREAKING: What does this mean? (buy?) Direxion Daily Bull stock analysis best broker
2025-06-09T23:53:58Z,IxWtd4KL02g,SOXL Surge? üìà Nvidia Boosts Semiconductor ETF Ahead of Tuesday Predicted Opening Price!
2025-06-08T23:32:25Z,jdquS6m87fI,SOXL Stock MONDAY CRAZY! (exact play exposed) Direxion Daily Bull stock broker review
2025-06-08T23:19:15Z,T1cTzgrMTg8,"üî• These Stocks Will FLY This Week! [TSLA, SOXL, HOOD, AMD]"
2025-06-06T18:54:23Z,lo53v4Lco-Y,SOXL STOCK- DIREXION DAILY SEMICONDUCTOR BULL 3X SHARES STOCK TODAYS BREAKING NEWS | SOXL STOCK
2025-06-06T17:16:54Z,GQVHnTxeEy8,SOXL STOCK FORECAST- DIREXION DAILY SEMICONDUCTOR BULL 3X SHARES STOCK (BUY??)
2025-06-06T13:13:34Z,ahiH-3VBPfc,SOXL Stock BREAKING: What does this mean? (buy?) Direxion Daily Bull stock analysis best broker
2025-06-05T22:39:00Z,tcvRtKI_FPU,SOXL: Will the Semiconductor ETF Bounce Back? üöÄ Friday Predicted Opening Price Insights!
2025-06-05T18:51:32Z,79BJ-_Cv2zg,SOXL STOCK- DIREXION DAILY SEMICONDUCTOR BULL 3X SHARES STOCK TODAYS BREAKING NEWS | SOXL STOCK
2025-06-05T18:20:48Z,C419h94-sWA,SOXL Stock BREAKING: What does this mean? (buy?) Direxion Daily Bull stock analysis best broker
2025-06-05T17:41:38Z,K905sj8HX68,SOXL STOCK FORECAST- DIREXION DAILY SEMICONDUCTOR BULL 3X SHARES STOCK (BUY??)
2025-06-04T23:31:52Z,VRa24WwYCos,SOXL Stock Analysis: Is BIG Recovery Coming? üßê Key Insights &amp; Thursday Predictions!
2025-06-04T17:00:57Z,cw6VEAHCGSw,READY TO BUY?! APLD STOCK! CRWV STOCK! TESLA STOCK! AVGO! REDDIT! SOXL! GOOGLE! | Will Knowledge
2025-06-03T22:36:20Z,7hhXJVs7RE4,SOXL Soars Again? Key Insights &amp; Predictions for the Semiconductor ETF üìà
2025-06-03T18:00:37Z,UNOUwl38f1g,"Coinbase Goes Crazy! Stocks To Watch NOW! (NVIDIA, SOXL, QQQ)"
2025-06-01T18:44:41Z,jWcvd5abhQE,SOXL STOCK- DIREXION DAILY SEMICONDUCTOR BULL 3X SHARES STOCK TODAYS BREAKING NEWS | SOXL STOCK
2025-06-01T18:42:43Z,2FOShxEmZB8,SOXL STOCK FORECAST- DIREXION DAILY SEMICONDUCTOR BULL 3X SHARES STOCK (BUY??)
2025-06-01T16:34:30Z,_uz4bwV0wiI,SOXL Stock BREAKING: What does this mean? (buy?) Direxion Daily Bull stock analysis best broker
2025-05-31T14:30:04Z,6IEw1Vd6iLE,SOXL and SOXX Semiconductor Holdings Part 1
2025-05-30T22:35:26Z,xTfNxiy-_Ok,SOXL ETF Analysis: Is a Massive Recovery Ahead After the 75% Crash? üöÄ Price Predictions Inside!
2025-05-30T19:43:11Z,HJCOnvDkGhY,SOXL Stock BREAKING: What does this mean? (buy?) Direxion Daily Bull stock analysis best broker
2025-05-30T19:04:08Z,M8hYhwNtiIs,SOXL STOCK- DIREXION DAILY SEMICONDUCTOR BULL 3X SHARES STOCK TODAYS BREAKING NEWS | SOXL STOCK
2025-05-29T23:29:43Z,AsK6bHqymGM,SOXL Price Predictions: Will SOXL ETF Bounce Back After 10-Month Low? üìà
2025-05-29T17:12:27Z,mh9fDADnenI,SOXL STOCK FORECAST- DIREXION DAILY SEMICONDUCTOR BULL 3X SHARES STOCK (BUY??)
2025-05-29T17:10:32Z,3WV05uoqnGs,SOXL Stock BREAKING: What does this mean? (buy?) Direxion Daily Bull stock analysis best broker
2025-05-28T22:41:43Z,pEtdirs-URI,üöÄ SOXL ETF Analysis: Bullish Momentum Ahead? Unlock Price Predictions for June! üìà
2025-05-28T18:15:19Z,PUeg25WbbQg,SOXL Stock BREAKING: What does this mean? (buy?) Direxion Daily Bull stock analysis best broker
2025-05-28T17:05:10Z,_ufvLtg9DL8,SOXL STOCK- DIREXION DAILY SEMICONDUCTOR BULL 3X SHARES STOCK TODAYS BREAKING NEWS | SOXL STOCK
2025-05-28T15:49:56Z,DOKOJVkfmBY,SOXL STOCK FORECAST- DIREXION DAILY SEMICONDUCTOR BULL 3X SHARES STOCK (BUY??)
2025-05-27T22:40:57Z,b9lGL4YAqiw,SOXL Stock Analysis: 5 Key Price Predictions Ahead of Wednesday&#39;s Opening üöÄ
2025-05-27T18:27:06Z,bw8WbHeSYZA,SOXL STOCK- DIREXION DAILY SEMICONDUCTOR BULL 3X SHARES STOCK TODAYS BREAKING NEWS | SOXL STOCK
2025-05-27T10:36:33Z,mk-gPM0MkvI,SOXL STOCK FORECAST- DIREXION DAILY SEMICONDUCTOR BULL 3X SHARES STOCK (BUY??)
2025-05-26T20:03:38Z,F1aHI_ZW15Q,SOXL Stock: Simple Chart Analysis Reveals Hidden Secrets!
2025-05-26T20:03:38Z,F1aHI_ZW15Q,SOXL Stock: Simple Chart Analysis Reveals Hidden Secrets!
2025-05-26T18:54:26Z,6dTvNGvoJow,SOXL STOCK- DIREXION DAILY SEMICONDUCTOR BULL 3X SHARES STOCK TODAYS BREAKING NEWS | SOXL STOCK
2025-05-25T18:30:57Z,c-cB_SskPN4,SOXL Stock BREAKING: What does this mean? (buy?) Direxion Daily Bull stock analysis best broker
2025-05-24T21:30:06Z,Mj9RLb6VZ-M,SOXL Stock BREAKING: What does this mean? (buy?) Direxion Daily Bull stock analysis best broker
2025-05-23T22:41:52Z,fg0CgvD0LPw,SOXL ETF Analysis: Will It Surge Again After Recent Performance? üìà Price Predictions Ahead!
2025-05-22T22:39:20Z,oUHdq1Uiv18,SOXL Price Predictions: Can This ETF Surge After Record Volume? üìà 5 Things to Know!
2025-05-21T19:27:07Z,BSxv0ArP1-k,SOXL STOCK- DIREXION DAILY SEMICONDUCTOR BULL 3X SHARES STOCK TODAYS BREAKING NEWS | SOXL STOCK
2025-05-21T18:19:49Z,sKORSdQhA5M,SOXL Stock BREAKING: What does this mean? (buy?) Direxion Daily Bull stock analysis best broker
2025-05-20T22:39:27Z,HWhT50LNmhw,SOXL Price Prediction: 5 Reasons Why This ETF is Set to Soar! üöÄ
2025-05-20T19:36:15Z,HH2lRYtm9QE,SOXL Stock BREAKING: What does this mean? (buy?) Direxion Daily Bull stock analysis best broker
2025-05-20T19:13:12Z,yqN_rYFk040,SOXL STOCK- DIREXION DAILY SEMICONDUCTOR BULL 3X SHARES STOCK TODAYS BREAKING NEWS | SOXL STOCK
2025-05-19T23:32:15Z,c0f6ghyM-nw,This might be THE stock of 2025 üöÄ #StocksToWatch #DayTrading #SOXL #StockMarket
2025-05-19T21:30:16Z,xXx-L1iHIlg,SOXL STOCK- DIREXION DAILY SEMICONDUCTOR BULL 3X SHARES STOCK TODAYS BREAKING NEWS | SOXL STOCK
2025-05-19T19:30:15Z,k5MTN_JvHrk,SOXL Stock BREAKING: What does this mean? (buy?) Direxion Daily Bull stock analysis best broker
2025-05-19T01:32:42Z,apOTYuSJrxg,Swing trade on ticker #SOXL üéØ #Stocks #stockmarket #Daytrading
2025-05-18T21:30:12Z,iHosKi2ZhsQ,SOXL Stock BREAKING: What does this mean? (buy?) Direxion Daily Bull stock analysis best broker
2025-05-17T22:30:02Z,6XcHRGZDQMI,SOXL STOCK- DIREXION DAILY SEMICONDUCTOR BULL 3X SHARES STOCK TODAYS BREAKING NEWS | SOXL STOCK
2025-05-17T19:30:07Z,ldgAjtbuuPg,SOXL Stock BREAKING: What does this mean? (buy?) Direxion Daily Bull stock analysis best broker
2025-05-17T17:30:09Z,lV69ZNRnetU,SOXL STOCK FORECAST- DIREXION DAILY SEMICONDUCTOR BULL 3X SHARES STOCK (BUY??)
2025-05-16T21:30:04Z,EJRFPqDuU_E,SOXL Stock BREAKING: What does this mean? (buy?) Direxion Daily Bull stock analysis best broker
2025-05-16T20:30:03Z,AeJxWEBUt7g,SOXL STOCK FORECAST- DIREXION DAILY SEMICONDUCTOR BULL 3X SHARES STOCK (BUY??)
2025-05-16T19:30:07Z,BU1YMemm2K8,SOXL STOCK- DIREXION DAILY SEMICONDUCTOR BULL 3X SHARES STOCK TODAYS BREAKING NEWS | SOXL STOCK
2025-05-15T23:18:30Z,woIDiP856hk,SOXL Surge Ahead? üìà 5 Key Price Predictions After U.S.-China Trade Truce!
2025-05-15T22:30:03Z,CwAzcH5NKh0,SOXL STOCK FORECAST- DIREXION DAILY SEMICONDUCTOR BULL 3X SHARES STOCK (BUY??)
2025-05-15T18:30:34Z,SNa5L6LWnpo,SOXL Stock BREAKING: What does this mean? (buy?) Direxion Daily Bull stock analysis best broker
2025-05-15T15:30:15Z,X54biluP3SU,SOXL STOCK- DIREXION DAILY SEMICONDUCTOR BULL 3X SHARES STOCK TODAYS BREAKING NEWS | SOXL STOCK
2025-05-14T20:30:04Z,HVePL_MK7KA,SOXL STOCK FORECAST- DIREXION DAILY SEMICONDUCTOR BULL 3X SHARES STOCK (BUY??)
2025-05-14T20:30:04Z,HVePL_MK7KA,SOXL STOCK FORECAST- DIREXION DAILY SEMICONDUCTOR BULL 3X SHARES STOCK (BUY??)
2025-05-14T18:30:22Z,Q2H0DcgLgWU,SOXL Stock BREAKING: What does this mean? (buy?) Direxion Daily Bull stock analysis best broker
2025-05-14T15:30:21Z,nfGFdHs8UuE,SOXL STOCK- DIREXION DAILY SEMICONDUCTOR BULL 3X SHARES STOCK TODAYS BREAKING NEWS | SOXL STOCK
2025-05-13T18:30:36Z,TAfahTkyAR0,SOXL Stock BREAKING: What does this mean? (buy?) Direxion Daily Bull stock analysis best broker
2025-05-13T16:21:24Z,6q_MvKXfVgc,SOXL JUMPING like JORDAN
2025-05-13T15:30:08Z,GFxvJH9_0pk,SOXL STOCK- DIREXION DAILY SEMICONDUCTOR BULL 3X SHARES STOCK TODAYS BREAKING NEWS | SOXL STOCK
2025-05-12T22:53:05Z,w7eC5NmIixU,üöÄ SOXL Stock Analysis: What&#39;s Next After Recent Market Gains? Predicted Opening Price for Tuesday!
2025-05-12T17:30:11Z,rXDYGq8NM_c,SOXL STOCK FORECAST- DIREXION DAILY SEMICONDUCTOR BULL 3X SHARES STOCK (BUY??)
2025-05-12T16:30:07Z,JXUq8at20hM,SOXL STOCK- DIREXION DAILY SEMICONDUCTOR BULL 3X SHARES STOCK TODAYS BREAKING NEWS | SOXL STOCK
2025-05-12T15:09:19Z,QGYa56hxju0,predicted the victory! 2x Leveraged stocks off the bottom dip. TSLL SOXL
2025-05-12T14:43:20Z,OkdKHbsEqso,ÊèêÂâçÂüã‰ºèÊèêÂâçËé∑Âà© #ÁæéËÇ° #ÊäïË≥á #stockmarket #tsla #soxl
2025-05-12T11:00:43Z,RngadA8LS84,PRICE RECOVERY STARTED : SOXL STOCK ANALYSIS #shorts #soxl #direxiondailysemiconductor
2025-05-12T10:00:27Z,euPvUiYAfZQ,PRICE RECOVERY STARTED : SOXL STOCK ANALYSIS | DIREXION DAILY SEMICONDUCTOR BULL 3X SHARES STOCK
2025-05-11T23:30:09Z,WcWIJJYASyY,SOXL STOCK FORECAST- DIREXION DAILY SEMICONDUCTOR BULL 3X SHARES STOCK (BUY??)
2025-05-11T18:30:26Z,F-KFalLYQDU,SOXL STOCK- DIREXION DAILY SEMICONDUCTOR BULL 3X SHARES STOCK TODAYS BREAKING NEWS | SOXL STOCK
2025-05-10T21:30:03Z,NeHspBLEvPE,SOXL STOCK FORECAST- DIREXION DAILY SEMICONDUCTOR BULL 3X SHARES STOCK (BUY??)
2025-05-10T20:30:00Z,3sMU6pTNHQ8,SOXL Stock BREAKING: What does this mean? (buy?) Direxion Daily Bull stock analysis best broker
2025-05-10T19:30:02Z,F2_F6JcA7OI,SOXL STOCK- DIREXION DAILY SEMICONDUCTOR BULL 3X SHARES STOCK TODAYS BREAKING NEWS | SOXL STOCK
2025-05-09T22:46:40Z,se0LLuYIhEw,SOXL Stock (Direxion Daily Bull stock) SOXL STOCK PREDICTIONS! SOXL STOCK Analysis soxl stock news
2025-05-09T21:30:07Z,gYJcWnqHP-4,SOXL STOCK- DIREXION DAILY SEMICONDUCTOR BULL 3X SHARES STOCK TODAYS BREAKING NEWS | SOXL STOCK
2025-05-09T20:30:06Z,gujMx2NAyzI,SOXL Stock BREAKING: What does this mean? (buy?) Direxion Daily Bull stock analysis best broker
2025-05-09T01:37:27Z,VcsQzy-uOuA,"Stock market rally recap GLD, EBS, HAIN, SOXL winners"
2025-05-08T22:17:41Z,B03BdBYJhwA,SOXL Stock NEWS Alert! (buying?) Direxion Daily Bull
2025-05-08T19:30:02Z,9GEZndNHT48,SOXL Stock BREAKING: What does this mean? (buy?) Direxion Daily Bull stock analysis best broker
2025-05-08T16:30:03Z,7Ngn_zxlTAU,SOXL STOCK- DIREXION DAILY SEMICONDUCTOR BULL 3X SHARES STOCK TODAYS BREAKING NEWS | SOXL STOCK
2025-05-07T22:44:46Z,a-_YqNZjKZ8,SOXL on the Rise? üìà 5 Key Insights &amp; Price Predictions for the Semiconductor ETF!
2025-05-07T22:20:26Z,TcF-KlvCEUQ,SOXL Stock THURSDAY EVEN CRAZIER! (buy?) Direxion Daily Bull
2025-05-07T20:30:22Z,saSLYbI4_aw,SOXL STOCK FORECAST- DIREXION DAILY SEMICONDUCTOR BULL 3X SHARES STOCK (BUY??)
2025-05-07T15:30:27Z,U35mDhcOMiY,SOXL STOCK- DIREXION DAILY SEMICONDUCTOR BULL 3X SHARES STOCK TODAYS BREAKING NEWS | SOXL STOCK
2025-05-06T22:39:46Z,IQfmEIsmZXc,SOXL ETF Surge: Will Tech Stocks Propel It Higher This Week? üìà
2025-05-06T21:47:08Z,aMqGBh1Ngt4,SOXL Stock BREAKING: What does this mean? (buy?) Direxion Daily Bull
2025-05-06T20:30:00Z,6Ylqtg_8N1Q,SOXL STOCK- DIREXION DAILY SEMICONDUCTOR BULL 3X SHARES STOCK TODAYS BREAKING NEWS | SOXL STOCK
2025-05-06T19:30:10Z,v9H3EUtstao,SOXL STOCK FORECAST- DIREXION DAILY SEMICONDUCTOR BULL 3X SHARES STOCK (BUY??)
2025-05-06T13:00:38Z,IXqMFQFchiI,SOXL stock Just Crashed 24%! Buy the Dip or Bail Out? | SOXL Stock Prediction &amp; Trading Strategy 202
2025-05-05T21:59:34Z,icFQXNLXFvg,SOXL Stock BREAKING: What does this mean? (buy?) Direxion Daily Bull
2025-05-05T17:30:13Z,QkvB-wc6PPo,SOXL STOCK- DIREXION DAILY SEMICONDUCTOR BULL 3X SHARES STOCK TODAYS BREAKING NEWS | SOXL STOCK
2025-05-04T21:30:14Z,u-EvhGUzKt4,SOXL STOCK- DIREXION DAILY SEMICONDUCTOR BULL 3X SHARES STOCK TODAYS BREAKING NEWS | SOXL STOCK
2025-05-04T20:30:03Z,YuKb9WWdPCk,SOXL STOCK FORECAST- DIREXION DAILY SEMICONDUCTOR BULL 3X SHARES STOCK (BUY??)
2025-05-04T19:37:35Z,HUhpUoRKPDU,SOXL Stock NEWS Alert! (buying?) Direxion Daily Bull stock analysis best broker review
2025-05-03T22:22:36Z,VbjKq-9GgXk,SOXL Stock (Direxion Daily Bull stock) SOXL STOCK PREDICTIONS! SOXL STOCK Analysis soxl stock news
2025-05-02T22:30:09Z,rhVr9up6eaE,SOXL STOCK- DIREXION DAILY SEMICONDUCTOR BULL 3X SHARES STOCK TODAYS BREAKING NEWS | SOXL STOCK
2025-05-02T20:44:01Z,3L2ZeEEV-hw,SOXL Stock FRIDAY CRAZY END! (buying next?) Direxion Daily Bull
2025-05-02T06:57:18Z,CTra0DRlUk4,SOXL Soars: 5 Reasons Why This Leveraged ETF Is Set to Surge üìà Friday Price Predictions Inside!
2025-05-01T21:30:09Z,R_xkdaKlua8,SOXL STOCK FORECAST- DIREXION DAILY SEMICONDUCTOR BULL 3X SHARES STOCK (BUY??)
2025-05-01T16:23:12Z,mJpU0tvWj60,SOXL STOCK- DIREXION DAILY SEMICONDUCTOR BULL 3X SHARES STOCK TODAYS BREAKING NEWS | SOXL STOCK
2025-05-01T07:02:23Z,OXP3GLDih_k,SOXL Skyrockets! üöÄ Price Predictions Following Latest Market Rebound &amp; Tech Rally Insights!
2025-04-30T19:30:04Z,V--8PLbQzOo,SOXL STOCK FORECAST- DIREXION DAILY SEMICONDUCTOR BULL 3X SHARES STOCK (BUY??)
2025-04-29T22:53:08Z,YJeM1szbhAw,SOXL Stock Analysis: Will Tech Giants Fuel a New Surge? üìà Wednesday Predicted Opening Price Inside!
2025-04-29T21:30:12Z,xCTw_ZCUVss,SOXL STOCK- DIREXION DAILY SEMICONDUCTOR BULL 3X SHARES STOCK TODAYS BREAKING NEWS | SOXL STOCK
2025-04-29T21:15:04Z,cbrScRmakKA,SOXL Stock BREAKING: What does this mean? (buy?) Direxion Daily Bull stock analysis best broker
2025-04-28T22:23:56Z,iK_-Q7WT-ac,SOXL Stock (Direxion Daily Bull stock) SOXL STOCK PREDICTIONS! SOXL STOCK Analysis soxl stock news
2025-04-28T20:30:04Z,WR1iPPBueYs,SOXL STOCK FORECAST- DIREXION DAILY SEMICONDUCTOR BULL 3X SHARES STOCK (BUY??)
2025-04-28T17:30:00Z,0k_PYN4ly-k,SOXL STOCK- DIREXION DAILY SEMICONDUCTOR BULL 3X SHARES STOCK TODAYS BREAKING NEWS | SOXL STOCK
2025-04-27T18:30:43Z,d5wJTSf-wqs,SOXL STOCK FORECAST- DIREXION DAILY SEMICONDUCTOR BULL 3X SHARES STOCK (BUY??)
2025-04-26T21:24:16Z,CMGTDTntTSc,SOXL Stock (Direxion Daily Bull stock) SOXL STOCK PREDICTIONS! SOXL STOCK Analysis soxl stock news
2025-04-26T19:30:05Z,hR0Nr0cdu_g,SOXL STOCK FORECAST- DIREXION DAILY SEMICONDUCTOR BULL 3X SHARES STOCK (BUY??)
2025-04-26T17:30:13Z,PL2DUg42jmE,SOXL STOCK- DIREXION DAILY SEMICONDUCTOR BULL 3X SHARES STOCK TODAYS BREAKING NEWS | SOXL STOCK
2025-04-26T14:41:07Z,t2GuNd5AI-A,"SOXL $7,000 Challenge: April 2025"
2025-04-25T22:54:01Z,9FMN-DFV-Gs,SOXL ETF Analysis: Will Market Rebound Spark a Price Surge? üíπ Monday Predicted Opening Price!
2025-04-25T20:30:03Z,FH7rTL-qEyc,SOXL STOCK- DIREXION DAILY SEMICONDUCTOR BULL 3X SHARES STOCK TODAYS BREAKING NEWS | SOXL STOCK
2025-04-25T18:30:57Z,tNhu4yOBUlU,SOXL STOCK FORECAST- DIREXION DAILY SEMICONDUCTOR BULL 3X SHARES STOCK (BUY??)
2025-04-25T10:00:54Z,WtX2UvT9XLo,BUYING OPPORTUNITY : SOXL STOCK ANALYSIS #shorts #soxl #direxiondailysemiconductorbull3xshares
2025-04-25T08:00:06Z,bQ7Hjlt2na0,BUYING OPPORTUNITY : SOXL STOCK ANALYSIS | DIREXION DAILY SEMICONDUCTOR BULL 3X SHARES
2025-04-24T22:41:19Z,yg7qeiogJUs,SOXL ETF Surges! Is a Price Rebound Imminent? üöÄ | Friday Predicted Opening Price Analysis
2025-04-24T21:25:16Z,cqrd2zamxkg,SOXL Stock NEWS UPDATE! (buy?) Direxion Daily Bull
2025-04-24T20:14:43Z,Rn_qP-xJVwQ,"Top 5 Stocks For April 25, 2025 ( $SOXL, $OMEX, $TMC, $CEP, $NVDA...)"
2025-04-24T19:11:31Z,DMWrLO_fYbM,"Day 43 ‚Äì In SOXL, Fully Loaded and Waiting | 90 Day 2X Swing Trading Small Account Challenge"
2025-04-24T17:30:06Z,Sw31NS-kP60,SOXL STOCK FORECAST- DIREXION DAILY SEMICONDUCTOR BULL 3X SHARES STOCK (BUY??)
2025-04-24T17:30:00Z,3ZsmD5djpao,SOXL STOCK- DIREXION DAILY SEMICONDUCTOR BULL 3X SHARES STOCK TODAYS BREAKING NEWS | SOXL STOCK
2025-04-23T22:31:41Z,_E_H0iiZlXE,SOXL Stock EXPLODING NEXT!? (Time to Buy?) Direxion Daily Bull
2025-04-23T20:01:05Z,5yX3viHwefc,"Top 10 Stocks For April 24, 2025 ( $SOXL, $TSLL, $AGMH, $AREB, $NVDA, and more! )"
2025-04-23T19:30:08Z,pNpiq2SeTiQ,SOXL STOCK- DIREXION DAILY SEMICONDUCTOR BULL 3X SHARES STOCK TODAYS BREAKING NEWS | SOXL STOCK
2025-04-22T22:47:23Z,f41OKnOzJto,SOXL: Are We Nearing a Bottom?  üåü Price Predictions for Wednesday‚Äôs Opening!
2025-04-22T20:30:07Z,xNZHlhXeBa0,SOXL STOCK- DIREXION DAILY SEMICONDUCTOR BULL 3X SHARES STOCK TODAYS BREAKING NEWS | SOXL STOCK
2025-04-22T20:22:19Z,b2e9V5ySyew,"Top 10 Stocks For April 23, 2025 ( $SXTC, $SOXL, $GELS, $WNW, $NVDA, and more! )"
2025-04-21T20:30:06Z,kgeS3SL3DKk,SOXL STOCK FORECAST- DIREXION DAILY SEMICONDUCTOR BULL 3X SHARES STOCK (BUY??)
2025-04-20T17:30:01Z,62WjAk53Abg,SOXL STOCK- DIREXION DAILY SEMICONDUCTOR BULL 3X SHARES STOCK TODAYS BREAKING NEWS | SOXL STOCK
2025-04-19T18:30:03Z,0mFDU-G8-AM,SOXL STOCK LATEST UPDATE- DIREXION DAILY SEMICONDUCTOR BULL 3X SHARES STOCK (BUY??)
2025-04-18T20:13:01Z,MpvBhSIcqP0,SOXL Stock (Direxion Daily Bull stock) SOXL STOCK PREDICTIONS! SOXL STOCK Analysis soxl stock news
2025-04-17T22:36:06Z,gmQ4jUGUdxU,SOXL Semiconductor ETF: Is a Major Price Surge Coming? üöÄ Monday Predicted Opening Price Inside!
2025-04-17T18:35:33Z,FQLHypDV7E8,SOXL Stock ETF Direxion Daily Semiconductor X3 after US TARIFFS - IS IT WORTH IT for the long term?
2025-04-17T17:44:14Z,xLvFnQDDkj0,SOXL STOCK- DIREXION DAILY SEMICONDUCTOR BULL 3X SHARES STOCK TODAYS BREAKING NEWS | SOXL STOCK
2025-04-16T22:43:39Z,NftGvGUXQFM,üöÄ SOXL Price Predictions: Is a Semiconductor Surge Coming This Thursday? 5 Key Insights!
2025-04-16T20:04:08Z,AQ37K3exZbU,"Top 10 Stocks For April 17, 2025 ( $AREC, $TGL, $OMEX, $SOXL, $NVDA, and more! )"
2025-04-16T17:30:12Z,NSalDl-lxI4,SOXL STOCK- DIREXION DAILY SEMICONDUCTOR BULL 3X SHARES STOCK TODAYS BREAKING NEWS | SOXL STOCK
2025-04-15T21:05:48Z,DWmidZvH830,SOXL Stock (Direxion Daily Bull stock) SOXL STOCK PREDICTIONS! SOXL STOCK Analysis soxl stock news
2025-04-15T20:05:27Z,QECGd902-gg,"Top 10 Stocks For April 16, 2025 ( $MURA, $SUNE, $SOXL, $OST, $NVDA, and more! )"
2025-04-15T18:30:42Z,ZIKTtcpllRA,SOXL STOCK- DIREXION DAILY SEMICONDUCTOR BULL 3X SHARES STOCK TODAYS BREAKING NEWS | SOXL STOCK
2025-04-14T22:40:06Z,WUP87fRsKyk,**SOXL: Will This 3X Semiconductor ETF Soar After Tariff Pause? üöÄ Tuesday Predicted Opening Price In
2025-04-14T22:05:21Z,Udsl_a-M8b0,SOXL Stock (Direxion Daily Bull stock) SOXL STOCK PREDICTIONS! SOXL STOCK Analysis soxl stock news
2025-04-14T18:30:34Z,LDPvlYnI_YI,SOXL STOCK LATEST PREDICTION- DIREXION DAILY SEMICONDUCTOR BULL 3X SHARES STOCK (BUY??)
2025-04-14T17:30:04Z,7xJcUfIy_OA,SOXL STOCK- DIREXION DAILY SEMICONDUCTOR BULL 3X SHARES STOCK TODAYS BREAKING NEWS | SOXL STOCK
2025-04-14T14:54:55Z,EQ1Tp3IAF94,Watch SOXL Stock!
2025-04-13T23:08:51Z,OhUJqVQ5zQ8,SOXL Stock (Direxion Daily Bull stock) SOXL STOCK PREDICTIONS! SOXL STOCK Analysis soxl stock news
2025-04-13T22:20:48Z,x--XPiv_O6E,SOXL Stock MASSIVE UPDATE (buy now or what?) Direxion Daily Bull
2025-04-13T17:50:12Z,zuCkTh6niOY,SOXL STOCK- DIREXION DAILY SEMICONDUCTOR BULL 3X SHARES STOCK TODAYS BREAKING NEWS | SOXL STOCK
2025-04-12T17:30:08Z,pXs2OdH0ggc,SOXL STOCK- DIREXION DAILY SEMICONDUCTOR BULL 3X SHARES STOCK TODAYS BREAKING NEWS | SOXL STOCK
2025-04-12T05:35:16Z,I9cG_G3QEuM,SOXL STOCK- DIREXION DAILY SEMICONDUCTOR BULL 3X SHARES STOCK TODAYS BREAKING NEWS | SOXL STOCK
2025-04-11T22:54:22Z,Xul-SRhVQT8,SOXL Soars After Tariff Pause üöÄ| Monday Price Predictions &amp; 5 Key Insights to Watch!
2025-04-11T20:06:13Z,AToOzj6RiqM,"Top 10 Stocks For April 14, 2025 ( $THTX, $RXRX, $MSPR, $SOXL, $NVDA, and more! )"
2025-04-11T20:03:26Z,NETxH-BhgXs,SOXL Stock (Direxion Daily Bull stock) SOXL STOCK PREDICTIONS! SOXL STOCK Analysis soxl stock news
2025-04-11T04:53:03Z,ZuKvl7tsGGU,"2025.04.11. SOXL+20%,TQQQ+20%,NIKE+1%,ÎÇòÏä§Îã•-5% #stockmarket  #ÎÇòÏä§Îã• #tqqq #ÎÇòÏù¥ÌÇ§ #soxl"
2025-04-10T22:38:23Z,11DxEklbuAc,SOXL Surge Ahead? ‚ö° 5 Key Insights &amp; Friday Price Predictions After Tariff Pause!
2025-04-10T21:52:45Z,Fynv6pIeqh4,SOXL Stock LAST CHANCE! (friday urgent alert) Direxion Daily Bull stock analysis best broker review
2025-04-10T20:30:05Z,SwGzKP0_nKg,SOXL STOCK- DIREXION DAILY SEMICONDUCTOR BULL 3X SHARES STOCK TODAYS BREAKING NEWS | SOXL STOCK
2025-04-10T20:04:04Z,56Hd1TSqTAE,"Top 10 Stocks For April 11, 2025 ( $KTTA, $STSS, $SOXL, $TSLL, $NVDA, and more! )"
2025-04-10T00:38:57Z,hQQe2JvdXgY,"2025.04.10. SOXL+50%,TQQQ+30%,NIKE+10%,ÎÇòÏä§Îã•+10% #stockmarket  #ÎÇòÏä§Îã• #tqqq #ÎÇòÏù¥ÌÇ§ #soxl"
2025-04-09T21:00:44Z,KlB_VMEnqaM,SOXL Stock MASSIVE THURSDAY! (urgent) Direxion Daily Bull stock analysis best broker 2025
2025-04-09T20:04:19Z,xCnt5LD_2JU,"Top 10 Stocks For April 10, 2025 ( $SOXL, $TSLL, $PHIO, $AEHL, $NVDA, and more! )"
2025-04-08T18:46:19Z,_QOGHLCva58,SOXL Stock WEDNESDAY MADNESS! (do not before) Direxion Daily Bull stock best broker 2025
2025-04-08T17:30:00Z,-ohV7bC8FFg,SOXL STOCK- DIREXION DAILY SEMICONDUCTOR BULL 3X SHARES STOCK TODAYS BREAKING NEWS | SOXL STOCK
2025-04-11T22:54:22Z,Xul-SRhVQT8,SOXL Soars After Tariff Pause üöÄ| Monday Price Predictions &amp; 5 Key Insights to Watch!
2025-04-11T20:06:13Z,AToOzj6RiqM,"Top 10 Stocks For April 14, 2025 ( $THTX, $RXRX, $MSPR, $SOXL, $NVDA, and more! )"
2025-04-11T20:03:26Z,NETxH-BhgXs,SOXL Stock (Direxion Daily Bull stock) SOXL STOCK PREDICTIONS! SOXL STOCK Analysis soxl stock news
2025-04-11T04:53:03Z,ZuKvl7tsGGU,"2025.04.11. SOXL+20%,TQQQ+20%,NIKE+1%,ÎÇòÏä§Îã•-5% #stockmarket  #ÎÇòÏä§Îã• #tqqq #ÎÇòÏù¥ÌÇ§ #soxl"
2025-04-10T22:38:23Z,11DxEklbuAc,SOXL Surge Ahead? ‚ö° 5 Key Insights &amp; Friday Price Predictions After Tariff Pause!
2025-04-10T21:52:45Z,Fynv6pIeqh4,SOXL Stock LAST CHANCE! (friday urgent alert) Direxion Daily Bull stock analysis best broker review
2025-04-10T20:30:05Z,SwGzKP0_nKg,SOXL STOCK- DIREXION DAILY SEMICONDUCTOR BULL 3X SHARES STOCK TODAYS BREAKING NEWS | SOXL STOCK
2025-04-10T20:04:04Z,56Hd1TSqTAE,"Top 10 Stocks For April 11, 2025 ( $KTTA, $STSS, $SOXL, $TSLL, $NVDA, and more! )"
2025-04-10T00:38:57Z,hQQe2JvdXgY,"2025.04.10. SOXL+50%,TQQQ+30%,NIKE+10%,ÎÇòÏä§Îã•+10% #stockmarket  #ÎÇòÏä§Îã• #tqqq #ÎÇòÏù¥ÌÇ§ #soxl"
2025-04-09T21:00:44Z,KlB_VMEnqaM,SOXL Stock MASSIVE THURSDAY! (urgent) Direxion Daily Bull stock analysis best broker 2025
2025-04-09T20:04:19Z,xCnt5LD_2JU,"Top 10 Stocks For April 10, 2025 ( $SOXL, $TSLL, $PHIO, $AEHL, $NVDA, and more! )"
2025-04-08T18:46:19Z,_QOGHLCva58,SOXL Stock WEDNESDAY MADNESS! (do not before) Direxion Daily Bull stock best broker 2025
2025-04-08T17:30:00Z,-ohV7bC8FFg,SOXL STOCK- DIREXION DAILY SEMICONDUCTOR BULL 3X SHARES STOCK TODAYS BREAKING NEWS | SOXL STOCK
2025-04-07T22:41:14Z,x-EVRBAsn_A,SOXL Analysis: Is This Semiconductor ETF Facing a 62% Crash? üìâ Price Predictions Inside!
2025-04-07T20:21:11Z,8Ugv3oA_CWs,SOXL Stock EXPLODING NEXT!? (Time to Buy?) (Direxion Daily Bull
2025-04-07T18:30:35Z,RwMsyuKYrcs,SOXL STOCK- DIREXION DAILY SEMICONDUCTOR BULL 3X SHARES STOCK TODAYS BREAKING NEWS | SOXL STOCK
2025-04-07T18:08:56Z,VbfCUzm-6Qc,SOXL Stock ETF Direxion Daily Semiconductor X3 after US TARIFFS - IS IT WORTH IT for the long term?
2025-04-06T21:11:22Z,uRmDvJ4NDPs,SOXL STOCK MONDAY UPDATE! (buying right?) Direxion Daily Bull stock analysis best broker review
2025-04-06T20:30:01Z,77Awr1_7v4Q,SOXL STOCK- DIREXION DALLY SEMICONDUCTOR BULL 3X SHARES STOCK TODAYS BREAKING NEWS | SOXL STOCK
2025-04-05T20:00:42Z,-_IGQS90uWE,SOXL STOCK NEXT WEEK HUGE!! (end update) Direxion Daily Bull stock trading best broker
2025-04-05T17:30:09Z,cMNecc6HHng,SOXL STOCK- DIROXION DAILY SEMICONDUCTOR BULL 3X SHARES STOCK TODAYS BREAKING NEWS | SOXL STOCK
2025-04-05T01:24:17Z,1v_SjgfKg4c,Is SOXL&#39;s Crash Inevitable? üìâ Price Predictions &amp; Analysis Ahead of Monday&#39;s Market Open!
2025-04-04T22:24:51Z,_iqcIhsmyVI,SOXL Stock CRASHING! (buy or wait more?) Direxion Daily Bull stock analysis best broker review
2025-04-04T20:30:06Z,eqrXvKVhGn4,SOXL STOCK- DIREXION DAILY SEMICONDUCTOR BULL 3X SHARES STOCK TODAYS BREAKING NEWS | SOXL STOCK
2025-04-04T20:03:05Z,0QXN2XzegDQ,"Top 10 Stocks For April 07, 2025 ( $TSLL, $ICCT, $AREB, $SOXL, $NVDA, and more! )"
2025-03-06T22:53:08Z,N5wAHGn9zkY,SOXL‚Äôs Crash: Is the Semiconductor ETF on the Brink of Disaster? üìâ What You Must Know!
2025-03-05T00:07:07Z,sN9TVLBEyEo,SOXL 9% in a Day: Cash Out or Hold?
2025-03-03T23:11:02Z,siq1ShRLQrg,SOXL ETF Analysis: Is The Semiconductor Bubble Bursting? üö®Tuesday Predicted Opening Price Inside!
2025-01-28T22:58:50Z,JRNNJQTGmw8,SOXL Stock (Direxion Daily stock) SOXL STOCK PREDICTIONS! SOXL STOCK Analysis soxl stock news today
2025-01-13T23:41:52Z,e4mAqEnU3Vw,"SOXL, Direxion Daily Semiconductor Bu stock prices on 2025-01-13 15:59:00-05:00"
2025-01-07T16:28:53Z,DVOqW3-PIAo,SOXL Remains My Top Leveraged ETF Pick
2024-12-20T23:04:03Z,6llEB3ZHiWY,SOXL Stock Surge Ahead? üìà December Predictions &amp; Semiconductor Momentum Unveiled!
2024-12-17T07:47:32Z,Q9a56ua-RNs,SOXL Stock Analysis: Is This 55% Drop a Buying Opportunity? üí• Price Predictions Inside!
2024-12-14T08:08:56Z,pgrQYoGq-BA,SOXL Stock Analysis: Is the 55% Drop a Buying Opportunity? üìâ | Timely Predictions Ahead!
2024-12-08T20:57:30Z,2n0qu7aYDsA,"SOXL: Deep Dive &amp; Put Selling Strategy (December 8, 2024)"
2024-12-03T04:37:08Z,ctC8rgKgX1I,SOXL ETF Analysis: Unraveling the Income Generator of December 2024 üìà
2024-12-02T16:17:02Z,e1M83mp4JcA,SOXL Trading  December 2#stocks #swingtrading #SOXL #tsla #tesla #daytrading
2024-11-29T20:14:22Z,q5rs3lXfmhw,üöÄSOXL $7000 Challenge: Nov 2024
2024-12-03T04:37:08Z,ctC8rgKgX1I,SOXL ETF Analysis: Unraveling the Income Generator of December 2024 üìà
2024-12-02T16:17:02Z,e1M83mp4JcA,SOXL Trading  December 2#stocks #swingtrading #SOXL #tsla #tesla #daytrading
2024-11-29T20:14:22Z,q5rs3lXfmhw,üöÄSOXL $7000 Challenge: Nov 2024
2024-11-26T23:54:26Z,Dt2uUvKwnSo,üî• SOXL ETF: Will It Rise or Fall After Intel &amp; AMD Earnings? Predicted Opening Price
2024-11-16T22:33:12Z,wHiF7wBBIvU,üö® $SOXL üö® Why is the Semiconductor ETF trending today? ü§î #SOXL #stocks #stockmarket
2024-11-15T18:33:55Z,mzYofSKMPc0,SOXL Options Trading Secrets‚ÄîWhat Every Trader Must Know!
2024-11-13T10:00:16Z,G0njc1cD8bM,SOXL offers 3x daily leverage to semiconductor stocks  #trading #stockmarket #qqq
2024-11-07T18:19:03Z,Mowj5BYAsxw,SOXL Day Trading  November 7#stocks #swingtrading #SOXL #tsla #tesla #daytrading
2024-11-02T01:30:59Z,tOWaOav0HRE,üî• SOXL Stock Alert: Is the Bull Run Crumbling? Top 3 Risks for 2024 Investors! üö®
2024-11-01T10:22:34Z,KwFaD2AZzNA,üî• SOXL Stock Analysis: Is Now the Time to Buy Before AMD &amp; Intel Earnings? Predicted Opening Price!
2024-10-30T14:43:36Z,mvyQz1LWcBY,üö® $SOXL üö® Why is the Semiconductor ETF trending today? ü§î #SOXL #stocks #stockmarket
2024-10-30T14:15:22Z,x69xVEZUhvQ,SOXL Day Trading  October 30#stocks #swingtrading #SOXL #tsla #tesla #daytrading
2024-10-29T21:43:33Z,H7aHgg903_g,SOXL Day Trading WEDNESDAY October 29#stocks #swingtrading #SOXL #tsla #tesla #daytrading
2024-10-29T20:05:31Z,kgod--qloT0,Semiconductor SOXL and Single Stock ETFs Gain Momentum
2024-10-29T15:14:56Z,aVygLd6IjZo,SOXL Day Trading WEDNESDAY October 29#stocks #swingtrading #SOXL #tsla #tesla #daytrading
2024-10-24T07:44:11Z,94Mxm7Lr_HM,SOXL Stock Analysis: Is a 400% Surge Possible Again Before AMD Earnings? üî•
2024-10-23T14:37:21Z,Us51HKFCJW8,"SOXL Day Trading WEDNESDAY, October 23#stocks #swingtrading #SOXL #tsla #tesla #daytrading"
2024-10-23T08:53:15Z,s2PfIWU6x24,üî• SOXL Stock Analysis: Will Volatility Lead to Opportunities? [Short-Term Predictions]
2024-10-22T17:51:58Z,LpOWaL1-bE0,"SOXL Day Trading TUESDAY, October 22#stocks #swingtrading #SOXL #tsla #tesla #daytrading"
2024-10-22T07:38:04Z,Ud_G_as0YgA,SOXL Stock Analysis: Intel &amp; AMD Earnings Impact Predicted Opening Price üöÄ
2024-10-21T20:07:27Z,mPlz1Ei15aY,"SOXL Day Trading MONDAY, October 21#stocks #swingtrading #SOXL #tsla #tesla #daytrading"
2024-10-21T14:10:24Z,T8EqpHjWuPo,"SOXL Trading MONDAY, October 21#stocks #swingtrading #SOXL #tsla #tesla #daytrading"
2024-10-20T22:35:48Z,XTW6_6Ocjhs,SOXL Stock Analysis: Prepare for Intel &amp; AMD Earnings Surge! üìà Predicted Opening Price!
2024-10-16T08:43:54Z,6aPd8Z5r2j8,üöÄ SOXL Stock Analysis: Will Semiconductor Sales Fuel a Surge on October 20th? üìà
2024-10-10T07:52:55Z,jtjQC6Agunk,Unlocking SOXL Potential: Is the Chip Stock Rally Just Getting Started? üöÄüìà
2024-10-07T22:03:11Z,7ut87tHYJUg,SOXL Stock TUESDAY CRAZY! (buy now?) SOXL stock ic markets review
2024-10-07T06:49:17Z,_GOPeRnQ7aA,SOXL Stock on Fire: Can AI and Data Centers Drive It Higher? üî•üöÄ
2024-10-04T07:32:42Z,vFXVbLADQRw,SOXL Stock Analysis: How AI &amp; Tech Rally Could Ignite Your Portfolio üöÄ
2024-10-03T07:17:42Z,eqb0IRKDg-I,SOXL Stock Analysis: Is Another Epic Year-End Rally on the Horizon? üöÄüìà
2024-10-02T08:55:13Z,eAxhZPzRmVs,SOXL Stock on the Rise: Will AI &amp; Hedge Fund Strategies Ignite an Epic Year-End Rally? üöÄüìà
2024-09-27T21:40:14Z,PRAqpuBALSA,üöÄSOXL $500 Challenge: Sep 2024
2024-09-25T06:11:13Z,5fvE0CD7yEU,SOXL Stock Analysis: Is Another Year-End Rally on the Horizon? üìàüî•
